<?xml version="1.0" encoding="UTF-8"?><BDDepartamentos>
    <DEPART>
        <row>
            <TDEPT_NO>10</TDEPT_NO>
            <DNOMBRE>CONTABILIDAD</DNOMBRE>
            <LOC>SEVILLA</LOC>
        </row>
        <row>
            <TDEPT_NO>20</TDEPT_NO>
            <DNOMBRE>INVESTIGACION</DNOMBRE>
            <LOC>MADRID</LOC>
        </row>
        <row>
            <TDEPT_NO>30</TDEPT_NO>
            <DNOMBRE>VENTAS</DNOMBRE>
            <LOC>BARCELONA</LOC>
        </row>
        <row>
            <TDEPT_NO>40</TDEPT_NO>
            <DNOMBRE>PRODUCCION</DNOMBRE>
            <LOC>BILBAO</LOC>
        </row>
    </DEPART>
    <EMPLE>
        <row>
            <EMP_NO>7369</EMP_NO>
            <APELLIDO>SANCHEZ</APELLIDO>
            <OFICIO>EMPLEADO</OFICIO>
            <DIR>7902</DIR>
            <FECHA_ALT>2000-12-17</FECHA_ALT>
            <SALARIO>1040</SALARIO>
            <COMISION/>
            <DEPT_NO>20</DEPT_NO>
        </row>
        <row>
            <EMP_NO>7499</EMP_NO>
            <APELLIDO>ARROYO</APELLIDO>
            <OFICIO>VENDEDOR</OFICIO>
            <DIR>7698</DIR>
            <FECHA_ALT>2000-02-20</FECHA_ALT>
            <SALARIO>1500</SALARIO>
            <COMISION>390</COMISION>
            <DEPT_NO>30</DEPT_NO>
        </row>
        <row>
            <EMP_NO>7521</EMP_NO>
            <APELLIDO>SALA</APELLIDO>
            <OFICIO>VENDEDOR</OFICIO>
            <DIR>7698</DIR>
            <FECHA_ALT>2001-02-22</FECHA_ALT>
            <SALARIO>1625</SALARIO>
            <COMISION>650</COMISION>
            <DEPT_NO>30</DEPT_NO>
        </row>
        <row>
            <EMP_NO>7566</EMP_NO>
            <APELLIDO>JIMENEZ</APELLIDO>
            <OFICIO>DIRECTOR</OFICIO>
            <DIR>7839</DIR>
            <FECHA_ALT>2001-04-02</FECHA_ALT>
            <SALARIO>2900</SALARIO>
            <COMISION/>
            <DEPT_NO>20</DEPT_NO>
        </row>
        <row>
            <EMP_NO>7654</EMP_NO>
            <APELLIDO>MARTIN</APELLIDO>
            <OFICIO>VENDEDOR</OFICIO>
            <DIR>7698</DIR>
            <FECHA_ALT>2001-09-29</FECHA_ALT>
            <SALARIO>1600</SALARIO>
            <COMISION>1020</COMISION>
            <DEPT_NO>30</DEPT_NO>
        </row>
        <row>
            <EMP_NO>7698</EMP_NO>
            <APELLIDO>NEGRO</APELLIDO>
            <OFICIO>DIRECTOR</OFICIO>
            <DIR>7839</DIR>
            <FECHA_ALT>2001-05-01</FECHA_ALT>
            <SALARIO>3005</SALARIO>
            <COMISION/>
            <DEPT_NO>30</DEPT_NO>
        </row>
        <row>
            <EMP_NO>7782</EMP_NO>
            <APELLIDO>CEREZO</APELLIDO>
            <OFICIO>DIRECTOR</OFICIO>
            <DIR>7839</DIR>
            <FECHA_ALT>2001-06-09</FECHA_ALT>
            <SALARIO>2885</SALARIO>
            <COMISION/>
            <DEPT_NO>10</DEPT_NO>
        </row>
        <row>
            <EMP_NO>7788</EMP_NO>
            <APELLIDO>GIL</APELLIDO>
            <OFICIO>ANALISTA</OFICIO>
            <DIR>7566</DIR>
            <FECHA_ALT>2001-11-09</FECHA_ALT>
            <SALARIO>3000</SALARIO>
            <COMISION/>
            <DEPT_NO>20</DEPT_NO>
        </row>
        <row>
            <EMP_NO>7839</EMP_NO>
            <APELLIDO>REY</APELLIDO>
            <OFICIO>PRESIDENTE</OFICIO>
            <DIR/>
            <FECHA_ALT>2001-11-17</FECHA_ALT>
            <SALARIO>4100</SALARIO>
            <COMISION/>
            <DEPT_NO>10</DEPT_NO>
        </row>
        <row>
            <EMP_NO>7844</EMP_NO>
            <APELLIDO>TOVAR</APELLIDO>
            <OFICIO>VENDEDOR</OFICIO>
            <DIR>7698</DIR>
            <FECHA_ALT>2001-09-08</FECHA_ALT>
            <SALARIO>1350</SALARIO>
            <COMISION>0</COMISION>
            <DEPT_NO>30</DEPT_NO>
        </row>
        <row>
            <EMP_NO>7876</EMP_NO>
            <APELLIDO>ALONSO</APELLIDO>
            <OFICIO>EMPLEADO</OFICIO>
            <DIR>7788</DIR>
            <FECHA_ALT>2001-09-23</FECHA_ALT>
            <SALARIO>1430</SALARIO>
            <COMISION/>
            <DEPT_NO>20</DEPT_NO>
        </row>
        <row>
            <EMP_NO>7900</EMP_NO>
            <APELLIDO>JIMENO</APELLIDO>
            <OFICIO>EMPLEADO</OFICIO>
            <DIR>7698</DIR>
            <FECHA_ALT>2001-12-03</FECHA_ALT>
            <SALARIO>1335</SALARIO>
            <COMISION/>
            <DEPT_NO>30</DEPT_NO>
        </row>
        <row>
            <EMP_NO>7902</EMP_NO>
            <APELLIDO>FERNANDEZ</APELLIDO>
            <OFICIO>ANALISTA</OFICIO>
            <DIR>7566</DIR>
            <FECHA_ALT>2001-12-03</FECHA_ALT>
            <SALARIO>3000</SALARIO>
            <COMISION/>
            <DEPT_NO>20</DEPT_NO>
        </row>
        <row>
            <EMP_NO>7934</EMP_NO>
            <APELLIDO>MUÑOZ</APELLIDO>
            <OFICIO>EMPLEADO</OFICIO>
            <DIR>7782</DIR>
            <FECHA_ALT>2002-01-23</FECHA_ALT>
            <SALARIO>1690</SALARIO>
            <COMISION/>
            <DEPT_NO>10</DEPT_NO>
        </row>
    </EMPLE>
    <GRADO>
        <row>
            <GRADO>1</GRADO>
            <SALARIO_MAS_BAJO>700</SALARIO_MAS_BAJO>
            <SALARIO_MAS_ALTO>1200</SALARIO_MAS_ALTO>
        </row>
        <row>
            <GRADO>2</GRADO>
            <SALARIO_MAS_BAJO>1201</SALARIO_MAS_BAJO>
            <SALARIO_MAS_ALTO>1400</SALARIO_MAS_ALTO>
        </row>
        <row>
            <GRADO>3</GRADO>
            <SALARIO_MAS_BAJO>1401</SALARIO_MAS_BAJO>
            <SALARIO_MAS_ALTO>2000</SALARIO_MAS_ALTO>
        </row>
        <row>
            <GRADO>4</GRADO>
            <SALARIO_MAS_BAJO>2001</SALARIO_MAS_BAJO>
            <SALARIO_MAS_ALTO>3000</SALARIO_MAS_ALTO>
        </row>
        <row>
            <GRADO>5</GRADO>
            <SALARIO_MAS_BAJO>3001</SALARIO_MAS_BAJO>
            <SALARIO_MAS_ALTO>9999</SALARIO_MAS_ALTO>
        </row>
    </GRADO>
</BDDepartamentos>
